xorazmcha;adabiycha;turkumi;xorazmcha;adabiycha;ko`plik/birlik;egalik/shaxs-son;zamon;kelishik
Aat;Ahd;NOUN;Aatida;Ahdida;birlik;i;;da
Abdal;Devona;ADJ;Abdallorimizi;Devonalarimizni;ko`plik;imiz;;ni
Abjo?sh;Qora mayiz;NOUN;Abjo?shina;Qora mayiziga;birlik;i;;ga
Avrat;Avrat;NOUN;Avratingi;Avratingni;birlik;ing;;ni
Adan;pasti;ADV;Adanina;pastiga;birlik;i;;ga
Adil;Odil;ADJ;Adillorini;Odillarini;ko`plik;i;;ni
Ajv;Hajv;NOUN;Ajvidan;Hajvidan;birlik;i;;dan
Ajr;Mukofot;NOUN;Ajrimi;Mukofotimni;birlik;im;;ni
Oynak;Ko?zoynak;NOUN;Oynaklarimizdo;Ko?zoynaklarimizda;ko`plik;imiz;;da
Ayri;Ayrim;;;;;;;
Ak;Ohak;;;;;;;
Akashak;Shol;;;;;;;
Akin;Ekinzor;;;;;;;
Alam;Qayg?u;;;;;;;
Almoyish(armoyish);Muomala;;;;;;;
Alpataqda-elpatak;Chaqqonlik ;;;;;;;
Alpoz, alfoz; Monand;;;;;;;
Altaxta;Taxta;;;;;;;
Alg?araz;Maqsad;;;;;;;
Am;Em;;;;;;;
Ambiyo;Payg?ambarlar;;;;;;;
Amdolli;Yaxshi;;;;;;;
Ana; Huv;;;;;;;
Ang;Ma?qullash;;;;;;;
Angak;Iyak;;;;;;;
Angurak;Mayda uzum;;;;;;;
Andik;Qitiq;;;;;;;
Andimoq;Ayg?oqchilik ;;;;;;;
Andratma;Hovlittirma;;;;;;;
Andiramoq;Yanglishmoq;;;;;;;
Andratob;Ajoyib;;;;;;;
Ankarak;Post;;;;;;;
Annob iyda;Jiyda;;;;;;;
Anqirmoq;Xangramoq;;;;;;;
Apanak;Temir;;;;;;;
Apsiz;Uquvsiz;;;;;;;
Aptoda;Ko?rimsiz;;;;;;;
Aravlab;Bedor;;;;;;;
Ardona;Xayf;;;;;;;
Archinbar ishto?p;Gulli mato;;;;;;;
Asvak;Suvni boylash;;;;;;;
Asrmak;o`zidan ketish;;;;;;;
Axta;Bichilgan;;;;;;;
Axtachi;otboqar;;;;;;;
Axtiq;Nevara;;;;;;;
Adik;Etik;;;;;;;
Alak;Elak;;;;;;;
Al;Qo‘l;;;;;;;
Arik;O‘rik;;;;;;;
Akkal;Olib kel;;;;;;;
Ana;Buvi;;;;;;;
Apka;Opa;;;;;;;
Aka;Dada;;;;;;;
Anjir;Anjir;;;;;;;
Ajina;Jin;;;;;;;
Arvoh;Arvoh;;;;;;;
Angsa;Qarz;;;;;;;
Arkak;Erkak;;;;;;;
Arka;Erka;;;;;;;
Aldi;Oldi;;;;;;;
Aldin;Oldin;;;;;;;
Amizish;Emizmoq;;;;;;;
Aji-buji;G?alati;;;;;;;
Ak;Ohak;;;;;;;
Akin-dikin;Ekin-tikin;;;;;;;
Avashi;Xunuk;;;;;;;
Asirak;Maqtanchoq;;;;;;;
Aldikcha;Peshband;;;;;;;
Arinjak;Erinchoq;;;;;;;
Apsiz;Epsiz;;;;;;;
Ar;Er;;;;;;;
Atdi;Qildi;;;;;;;
Armak;Ermak;;;;;;;
Appardi;Olib berdi;;;;;;;
Atari;Bor-yo?g?i;;;;;;;
Akkit;Olib ket;;;;;;;
Aplama;sifatsiz;;;;;;;
Andik;Hadik;;;;;;;
Bardi;Berdi;;;;;;;
Badlanmoq;Norozilik;;;;;;;
Bol;Asal;;;;;;;
Bormoq;Barmoq;;;;;;;
Bosmo;Bosma;;;;;;;
Bar;Ber;;;;;;;
Bajik;Qo?zichoq;;;;;;;
Bidirdosh;Bidirlamoq;;;;;;;
Boqlojon;Baqlajon;;;;;;;
Bolo;Bola;;;;;;;
Bizoqvoshchi;Tartibsiz;;;;;;;
Bilet;Chipta;;;;;;;
Biloshiq;Iflos;;;;;;;
Bilomiq;Atala;;;;;;;
Blomo;Aralashtirma;;;;;;;
Botib yotibdi;Juda iflos;;;;;;;
Bashara;Yuz;;;;;;;
Birch;Bulg?or qalmpir;;;;;;;
Baqraydi;Qaradi;;;;;;;
Bizara;bizga;;;;;;;
Bika;Xonim;;;;;;;
Barak;Chuchvara;;;;;;;
Biyi;Kelin oyi;;;;;;;
Boldiz;Qayinsingil;;;;;;;
Burunch;Guruch;;;;;;;
Baqlashka;Pilastik idish;;;;;;;
Biton;Beton;;;;;;;
Bechoro;Bechora;;;;;;;
Boshlodi;Boshladi;;;;;;;
Boy-bo?y;Voy-vo?y;;;;;;;
Bera gal;Buyoqqa kel;;;;;;;
Bijg?ibdi;Achibdi;;;;;;;
Bichqi;Arra;;;;;;;
Bordoq;Juda iflos;;;;;;;
Bet;Varaq;;;;;;;
Bultur;O?tgan yil;;;;;;;
Bi yil;Bu yil;;;;;;;
Bo?ldi;Tugadi;;;;;;;
Buryun;Indinga;;;;;;;
Bint;Doka;;;;;;;
Boyoqi;Boyagi;;;;;;;
Bo?shachi;Bekorchi;;;;;;;
Bo?shang;Yuvosh;;;;;;;
Bosinqiradi;Alaxsiradi;;;;;;;
Bizmo;Buzma;;;;;;;
Bitir;Tugat;;;;;;;
Buyun;Bugun;;;;;;;
Bo?lor;Bo?lar;;;;;;;
Biz;Bigiz;;;;;;;
Boliq;Baliq;;;;;;;
Boshlo;Boshla;;;;;;;
Buzlodi;Muzladi;;;;;;;
Boshshinda;Boshida;;;;;;;
Bo?yonoq;Pardoz anjomlari;;;;;;;
Bangngi;Choyxo?r;;;;;;;
Boxtiqora;Baxtiqaro;;;;;;;
Bira;Burga;;;;;;;
Bocho?q;Idish;;;;;;;
Bechakki;Be?mani;;;;;;;
BNOUNorya;Quvvatlagich;;;;;;;
Boqoloq;Semiz;;;;;;;
Birt;Mo?ylov;;;;;;;
Buz;Muz;;;;;;;
Boqcha;Bog?cha;;;;;;;
Bakli;Yopiq;;;;;;;
Balli;Belgili ;;;;;;;
Bang;Nash?a;;;;;;;
Basir;Ko?rish;;;;;;;
Batar;Battar;;;;;;;
Baqaloq; Chelakcha;;;;;;;
Baqar;Boqar;;;;;;;
Bemaal;Bevaqt ;;;;;;;
Beshov;Beshta;;;;;;;
Bixulli;Butunlay;;;;;;;
Biloziq;Bilakuzuk;;;;;;;
Bismil;Yara;;;;;;;
Gijimoq;Qichimoq;;;;;;;
Gubirnat;Mansabdor;;;;;;;
Guvari;Mol terisi;;;;;;;
Guzar;Kechik;;;;;;;
Gulqand;Murabbo;;;;;;;
Gunorta;Peshin;;;;;;;
Guplama, gupurdi;Maqtanchoq;;;;;;;
Guppi;Fufayka;;;;;;;
Go?mma;Varaqi;;;;;;;
Go?yanda;Ashulachi;;;;;;;
Dajjol;Mahluq;;;;;;;
Dishon;Tashqari;;;;;;;
Dish;Tish;;;;;;;
Diri;Tirik;;;;;;;
Darpanmadi;Qo?zg?almadi;;;;;;;
Din;Gapirma;;;;;;;
Duz;Tuz;;;;;;;
Dush;Tush;;;;;;;
Do?shik;Teshik;;;;;;;
Diz;Tizza;;;;;;;
Doyi;Tog?a;;;;;;;
Domizliq;Uyutqi;;;;;;;
Dosh;Tosh;;;;;;;
Damir;Temir;;;;;;;
Do?shak;To?shak;;;;;;;
Do?vcha;Dovuchcha;;;;;;;
Domoq;Tomoq;;;;;;;
Domor;Tomir;;;;;;;
Domlo;Domla;;;;;;;
Do?g?ildi;Tug?ildi;;;;;;;
Dim;Juda;;;;;;;
Dapa;Tepa;;;;;;;
Dik;Tik;;;;;;;
Davarak;Yon atrof;;;;;;;
Deri;Teri;;;;;;;
Dorvozo;Darvoza;;;;;;;
Dar;Ter;;;;;;;
Doroq;Taroq;;;;;;;
Deyma;Tegma;;;;;;;
Duyma;Tugma;;;;;;;
Dor;Tor;;;;;;;
Do?yib;To?yib;;;;;;;
Durvadi;Turgan edi;;;;;;;
Do?ngngiz;To?ng?iz;;;;;;;
Dobbi;Semiz;;;;;;;
Dirnoq;Tirnoq;;;;;;;
Dirmalaviq;Haskash;;;;;;;
Do?ramoq;To?g?ramoq;;;;;;;
Diqilinch;Tiqilinch;;;;;;;
Durdi;Turdi;;;;;;;
Dong?illomo;Hashamatli;;;;;;;
Do?ngmoq;SovqNOUNmoq;;;;;;;
Dabdi;Debdi;;;;;;;
Dapdi;Tepti;;;;;;;
Do?ldir;To?ldir;;;;;;;
Dong;Tong;;;;;;;
Dali;Ko?ngilchan;;;;;;;
Damir;Temir;;;;;;;
Daliz;Dahliz;;;;;;;
Dana;Don;;;;;;;
Dupirdi;Sho?xlik;;;;;;;
Dalanib;Asabiylashib;;;;;;;
Darro?v;Tez;;;;;;;
Dingon;Jilli;;;;;;;
Dinimsiz;Tinimsiz;;;;;;;
Dars;Mol tezzagi;;;;;;;
Dak;Tek;;;;;;;
Daler;Mard;;;;;;;
Dali;Jinni;;;;;;;
Dallik;Terlik;;;;;;;
Dam;Nafas;;;;;;;
Danjik;To?polonchi;;;;;;;
Dapa;Tepa;;;;;;;
Dar;Ter;;;;;;;
Darak;Terak ;;;;;;;
Darpanma;Qo?zg?alma;;;;;;;
Deydi,tagdi;Tegdi;;;;;;;
Diz;Tizza;;;;;;;
Diyir;Ko‘za;;;;;;;
Diyirjak, digirgak;G‘ildirak;;;;;;;
Diklay;Tikka, butunlay;;;;;;;
Dim;Juda ;;;;;;;
Dingisiz;Tinimsiz;;;;;;;
Dindi;Tinchlandi;;;;;;;
Dirdin;Ozgina;;;;;;;
Dindirmoq;Tinchitmoq;;;;;;;
Dirilay;"Tiriklay
";;;;;;;
Disqa;Kirlangan;;;;;;;
Dig‘a;"Jig‘a
";;;;;;;
Do‘bbi;Besunaqay;;;;;;;
Dov;Omad;;;;;;;
Doyirdi;G‘avg‘o;;;;;;;
Doymoq;Sirg‘anmoq;;;;;;;
Domor;Qon tomiri;;;;;;;
Domoq;Tomoq, ;;;;;;;
Dorimoq;Yo‘liqmoq;;;;;;;
Dosqor;Chumchuq;;;;;;;
Dog‘;Tog‘;;;;;;;
Dog‘uli;Ayyor;;;;;;;
Duvoq;Qopqoq;;;;;;;
Yeyma;Ko‘rpa;;;;;;;
Englik;Qo?lqob;;;;;;;
Em;Yem;;;;;;;
yirik;Boshqorong‘i;;;;;;;
Gapla;Gapir;;;;;;;
Galustuq;Bo?yinbog?;;;;;;;
Gizlash;Berkitish;;;;;;;
Gizlanmajak;Berkinmachoq;;;;;;;
Gurring;Suhbat;;;;;;;
Gama;Kelma;;;;;;;
Gama;Kema;;;;;;;
Go?rash;Kurash;;;;;;;
Gakirmoq;Kekirmoq;;;;;;;
Girdi;Kirdi;;;;;;;
Getsanga;Nari ket;;;;;;;
Guchli;Kuchli;;;;;;;
Guch;Kuch;;;;;;;
Go?ydirgi;Kuydirgi;;;;;;;
Go?ydi;Kuydi;;;;;;;
Guya;Kapalak qurti;;;;;;;
Gamirmoq;Kemirmoq;;;;;;;
Guppi;Qaling chopon;;;;;;;
Go?shanmoq;Kavshanmoq;;;;;;;
Grip;Tumov;;;;;;;
Gechirish;Kechirish;;;;;;;
Gechish;Kechmoq;;;;;;;
Galishtirish;Kelishtirmoq;;;;;;;
Gazib;Sayohat qilib;;;;;;;
Gazik;Navbat;;;;;;;
Garishib;Kerishib;;;;;;;
Galish;Kelishmoq;;;;;;;
Go?sh;Go?sht;;;;;;;
Garil;Keril;;;;;;;
Go?k;Ko?k;;;;;;;
Gecha;Kecha;;;;;;;
Gunduz;Kunduz;;;;;;;
Gal;Kel;;;;;;;
Go?r;Ko?r;;;;;;;
Getma;Ketma;;;;;;;
Go?kar;Ko?kar;;;;;;;
Gechchi;Echki;;;;;;;
Garang;Kar;;;;;;;
Go?z;Ko?z;;;;;;;
Gurvak;Qovun ;;;;;;;
Go?ynak;Ko?ynak;;;;;;;
Go?da;Gavda;;;;;;;
Giyov;Kiyov;;;;;;;
Giyim;Kiyim;;;;;;;
Galin;Kelin;;;;;;;
Get;Ket;;;;;;;
Gashir;Sabzi;;;;;;;
Go?rish;Ko?rish;;;;;;;
Yo‘bi;NOUN ;;;;;;;
Yo‘va;Panshaxa;;;;;;;
Yo‘von;Yo‘bon;;;;;;;
Do‘v;Dev;;;;;;;
Do‘lta;Baqaloq;;;;;;;
Do‘mbo ‘yin;Qaysar;;;;;;;
Do‘ng;Muzlagan;;;;;;;
Do‘nglik;Tepalik;;;;;;;
Dushay;Namat;;;;;;;
Eyma;Ko‘rpa;;;;;;;
Erilmoq;Erkalik qilmoq;;;;;;;
Etaj;Qavat;;;;;;;
Et;Go?sht;;;;;;;
Eshim;Qo?rqoq;;;;;;;
ElNOUN;Mahalla;;;;;;;
Etmak;Yetim;;;;;;;
Yovshan;Giyoh;;;;;;;
Yoyma;Yozg‘irma;;;;;;;
Yozg‘it;Taqdir;;;;;;;
Yolaza;Yelvizak;;;;;;;
Yolag ‘ay;Kelishuvchi;;;;;;;
Yolong;Doim;;;;;;;
Yom;Gul tuvak.;;;;;;;
Yonga;Haligina;;;;;;;
Yongaziq;Yon qoziqi;;;;;;;
Yongilmoq;Yanglishmoq ;;;;;;;
Yog?day;Imkoniyat ;;;;;;;
Yog?inni;Yelkasi;;;;;;;
Yog?ir;Yag?ir;;;;;;;
Yeli;Hali;;;;;;;
Ichon;Ichkari;;;;;;;
Ijjon;Qiyma;;;;;;;
Idilli;Durust;;;;;;;
Isop;Hisob;;;;;;;
Inqildap;Injiqlik qilib;;;;;;;
Isvant;Isiriq;;;;;;;
Issi;Issiq;;;;;;;
Indama;Gapirma;;;;;;;
Ishonmidovin                                                  ;Ishonmaydigan;;;;;;;
Ibi;Mana ;;;;;;;
Ilishma;Osilma;;;;;;;
Im-sim;Yashirin;;;;;;;
Ibiy;Attang;;;;;;;
Iring;Yiring;;;;;;;
Iymanib;Intilib;;;;;;;
Insop;Insof;;;;;;;
Ina;Mana ;;;;;;;
Ishton;Lozim;;;;;;;
Ilmak;Ilgak;;;;;;;
Inna;Igna;;;;;;;
Ilishtirik;Qizil do?lana;;;;;;;
Isirg?a;Sirg?a;;;;;;;
Inoshi;Manashu;;;;;;;
Jo?nqi;O?zidan ketgan;;;;;;;
JalNOUNoy;Buzuqi;;;;;;;
Janak;Tovuq to?shi suyagi ;;;;;;;
Jinka;Mijg?ov;;;;;;;
Jinnaqdin;Jinday;;;;;;;
Jinga;G?ing;;;;;;;
Jirjayish;Zaharhanda;;;;;;;
Jilli;Ahmoq;;;;;;;
Juja;Jo?ja;;;;;;;
Joy;YNOUNoq;;;;;;;
Jorlob;Baqirib;;;;;;;
Jo?g?;Cho?g?;;;;;;;
Jolli;Kuchli;;;;;;;
Jipiriq;O?ynoqi;;;;;;;
Juyan;Don mahsulNOUNi;;;;;;;
Jo?ra;Do?st;;;;;;;
Jirpi;Yengiltak;;;;;;;
Jo?rrop;Paypoq;;;;;;;
Jallapka;Nimcha;;;;;;;
Jempir;Qaling kiyim;;;;;;;
Jaket;Nimcha;;;;;;;
Zamcha;Handalak;;;;;;;
Zanaq;Dag?dag?a;;;;;;;
Zanggi;Narvon;;;;;;;
Zandi;Nasl-nasabi;;;;;;;
Zara;O?taka;;;;;;;
Zaqcha;Zog?;;;;;;;
Kaltikalos;Kaltakesak;;;;;;;
Kaltik, kalchik;Dudiq;;;;;;;
Kamis;Kam;;;;;;;
Karvich;G‘isht;;;;;;;
Karkallashmoq;Tortishmoq;;;;;;;
Kasov;Kasov;;;;;;;
Kashap, kashaf;Suyuq oyoq ayol;;;;;;;
Kinos;Olifta;;;;;;;
Kirpik;Kiprik;;;;;;;
Kojkort;Kichkina o‘roq;;;;;;;
Kosa;Piyola;;;;;;;
Kulta;Beda bo‘g‘i;;;;;;;
Karchka;Kartoshka;;;;;;;
Ko?ladi;Kovladi;;;;;;;
 Kalla;Bosh;;;;;;;
Kichchi;Kichik;;;;;;;
Kullash;Qizg?onish;;;;;;;
Kurra;HNOUNik;;;;;;;
Kep;Kayf;;;;;;;
Kul;Kukun;;;;;;;
Kaso?v;Kasov;;;;;;;
Kampit;Kanfet;;;;;;;
Kishmish;Mayiz;;;;;;;
 Kura;Sidir;;;;;;;
Kurmasichon;Yumronqoziq;;;;;;;
Kavak;Chuqur;;;;;;;
Kasal;Xasta;;;;;;;
Kapin;Kafan;;;;;;;
Kursi;Stul;;;;;;;
Kilit;Kalit;;;;;;;
Kasak;Kesak;;;;;;;
Koso;Piyola;;;;;;;
Kadi;Qovoq;;;;;;;
Ko?na;Eski;;;;;;;
Ko?vish;Kovush;;;;;;;
Labzina;Pista holva;;;;;;;
Lavand;Yalqo‘v;;;;;;;
Likkish;Nosoz ;;;;;;;
Loylamoq;Ishni buzmoq;;;;;;;
Lombirdi;Betayin;;;;;;;
Loppish;"Achchiq
";;;;;;;
Los;Xom ipak chiqindisi.;;;;;;;
Lastik;ADJsiz ipak kiyim;;;;;;;
LopNOUNka;Belkurak;;;;;;;
Layan;Tog?ora;;;;;;;
Lo?mat;Axmoq;;;;;;;
Lo?viya;Lovya;;;;;;;
Laylakoyoq;Uzunoyoq;;;;;;;
Lelinkalla;Bilimli;;;;;;;
Latta;Bo?sh;;;;;;;
Lopkoso;Kosa;;;;;;;
Lelinka;Chizg?ich;;;;;;;
Loppo;Kerak bo?lsa;;;;;;;
loppish;To‘la;;;;;;;
Mosliq;Iflos;;;;;;;
Men;Miya;;;;;;;
Mongloy;Peshona;;;;;;;
Mut;Tekin;;;;;;;
Memon;Mehmon;;;;;;;
Mita;Burga;;;;;;;
Molyarka;suvoq;;;;;;;
Moshin;Mashina;;;;;;;
Miltiq;To?pponcha;;;;;;;
Mijjing;Injiq;;;;;;;
Mol;Sigir;;;;;;;
Monti;Manti;;;;;;;
Mo?chchi;Chiroyli;;;;;;;
Musr;Ahmoq;;;;;;;
Morri;Muzqaymoq;;;;;;;
Moxluq;Maxluq;;;;;;;
Mejina;Danak;;;;;;;
Moymil;Maymun;;;;;;;
Meyr;Mehr;;;;;;;
Mazzi;Mazali;;;;;;;
Mizziq;Yeg?loq;;;;;;;
Meyirsiz;Mehrsiz;;;;;;;
Minjiq;Munjoq;;;;;;;
Makkam;Mahkam;;;;;;;
Meylis;Majlis;;;;;;;
Menat;Mehnat;;;;;;;
Man;Men;;;;;;;
Majit;Masjid;;;;;;;
Mashova;Moshho?rda;;;;;;;
Moqoron;Makaron;;;;;;;
Mitti;Kichgina;;;;;;;
Meda;Mayda;;;;;;;
MovNOUN;Maqtanish;;;;;;;
Mirin;Burun;;;;;;;
No?qan;Ipak qurti;;;;;;;
Nishatamiz;Nima qilamiz;;;;;;;
Nomoz;Namoz;;;;;;;
Na gap;Nima gap;;;;;;;
Nax;Ip;;;;;;;
Nuqto;Nuqta;;;;;;;
Nalichi;Naxt;;;;;;;
Nichcha;Nechta;;;;;;;
NoshvNOUNi;Nok;;;;;;;
Neri;Qayeri;;;;;;;
Nervinniy;Asabiy;;;;;;;
Nervimni chiqarma;Asabimga o?ynama;;;;;;;
Nerda;Qayerda;;;;;;;
Nera;Qayerga;;;;;;;
Naushnik;Quloqchin;;;;;;;
Nadagan;Namuncha;;;;;;;
Nisholla;Nisholda;;;;;;;
Novont;NovvNOUN;;;;;;;
Novvi bo?ldi;Nima bo?ldi;;;;;;;
Nishatti;Nima qildi;;;;;;;
Nat;Bir nima qil;;;;;;;
Nalima;Nolinma;;;;;;;
Noyimit;Noumid;;;;;;;
Nohuna;Ko‘r;;;;;;;
NaborNOUN;Teskarisiga;;;;;;;
Novvi;Nima;;;;;;;
Niko;Nikoh;;;;;;;
Nuqul;Shirinlik;;;;;;;
Nachun dasa;Nima sababdan;;;;;;;
No?sh;Nish;;;;;;;
No?sh piyoz;Ko?k piyoz;;;;;;;
Nishatin;Nima qilay;;;;;;;
Nishatting;Nima qilding;;;;;;;
Obdasta;Tahorat idishi;;;;;;;
Obqira;Ikki chel(marza)orasi;;;;;;;
Ovuz;Og?iz ;;;;;;;
Ovurt;Lunj;;;;;;;
Odil;Adolatli;;;;;;;
Ordona;Hayf;;;;;;;
Orja;"Sandiq
";;;;;;;
Oxshom;Kecha ;;;;;;;
Oshirma bo‘z ayil;bo‘z mato;;;;;;;
Oshoq;Past;;;;;;;
Oqvosh;Oqbosh;;;;;;;
Oqqurd;Etik;;;;;;;
Og?a;Aka;;;;;;;
Olmo;Olma;;;;;;;
NOUNo;NOUNa;;;;;;;
Onovi;Anavi;;;;;;;
Oboy;Gulqog?oz;;;;;;;
Ori;Ari;;;;;;;
Oyq;Ayiq;;;;;;;
Opoq-chopoq;Ahil;;;;;;;
Og?z;Og?iz;;;;;;;
Obdullo;Abdulla;;;;;;;
NOUNoyo?l;Avtobus;;;;;;;
Odom;Odam;;;;;;;
Oyt;Ayt;;;;;;;
Oytmo;Aytma;;;;;;;
Opshiy;Hamma;;;;;;;
Orriq;Ozg?in;;;;;;;
Oroq;Aroq;;;;;;;
Orqo;Orqa;;;;;;;
Onqov;Anqav;;;;;;;
Ohtiq;Nabira;;;;;;;
Opo;Ona,oyi,opa;;;;;;;
Osvolt;Asfalt;;;;;;;
Oston;Sekin;;;;;;;
Oxiri;So?ngi;;;;;;;
Oyno;Deraza;;;;;;;
Oyno;Oyna;;;;;;;
Olm;Olim;;;;;;;
Ollo;Alla;;;;;;;
Oydin;Yaxshi;;;;;;;
Ono;Ana;;;;;;;
Oymomo;Oymoma;;;;;;;
Ojji;Achchiq;;;;;;;
Oldomo;Aldama;;;;;;;
Oldoqchi;Aldoqchi;;;;;;;
OngsNOUN;Oson;;;;;;;
Ongi pas;Ongsiz;;;;;;;
Oxshom;Kecha;;;;;;;
Olloh;Alloh;;;;;;;
Oqilli;Aqilli;;;;;;;
Paki, Poki;Ustara;;;;;;;
Palid;Yaramas;;;;;;;
Patik;Shift;;;;;;;
Patrak;Kulcha;;;;;;;
Patrat;Chalkash;;;;;;;
Pashmak;Shirinlik;;;;;;;
Paqlama;Shirinlik;;;;;;;
Peykol;Xabarchi;;;;;;;
Piyova;Suyuq ovqat;;;;;;;
Pitta;Ozgina;;;;;;;
Pishang;O ‘q gilzasi;;;;;;;
Pushta;Qovun;;;;;;;
Peshin;Tushdan keyin;;;;;;;
Pomodr;Pomidor;;;;;;;
Pilak;Bidon;;;;;;;
Peshkom;Piyoda;;;;;;;
Prikaz;Buyruq;;;;;;;
PNOUNloq;Baqrayib;;;;;;;
Podliva;Murabbo;;;;;;;
PNOUNlayib;Bezrayib;;;;;;;
Pangngi;Sodda;;;;;;;
Palpis;Befarosat;;;;;;;
Pasuda;Idish-tovoq;;;;;;;
Plesos;Changyutkich;;;;;;;
Polos;Gilam;;;;;;;
Pas;Past ketish;;;;;;;
Paloviq;Xato;;;;;;;
Paxta qo?yish;Laganbardorlik qilish;;;;;;;
Po?chka;Buyrak;;;;;;;
Puchoq;Pichoq;;;;;;;
Pustoy;Bo?sh;;;;;;;
Patirdi;Shovqin;;;;;;;
Piyon;Mast;;;;;;;
Parrik;Farik;;;;;;;
PNOUNinka;Suv etik;;;;;;;
Patak;Mex;;;;;;;
Piyatki;Kalta paypoq;;;;;;;
Po?kki;Semiz;;;;;;;
Pingving;Pingivin;;;;;;;
Plimen;Chuchvara;;;;;;;
Pisirdama;Qisirdama;;;;;;;
Pol tryapka;Po?l latta;;;;;;;
Piyaz;Piyoz;;;;;;;
Pechina;Pishiriq;;;;;;;
Po?mpi;Po?mpaloq;;;;;;;
Po?ssiq;Bo?g?irsoq;;;;;;;
Pam-parosat;Fahm-farosat;;;;;;;
Pushmon;Pushaymon;;;;;;;
Pishma;Kuyma;;;;;;;
Pishiq;Mushuk;;;;;;;
Polov;Osh;;;;;;;
Poltun;Polto;;;;;;;
Peshona;Pashshaxona;;;;;;;
PNOUNti-putti;Ashqol-dashqol;;;;;;;
pushti;Ko ‘chmachi dallol;;;;;;;
Po ‘rtaki;Betga chopar;;;;;;;
Qorinja;Chumoli;;;;;;;
Qost;Qasd;;;;;;;
Qo?ngishi;Qo?shni;;;;;;;
Qulibnika;Qulpnoy;;;;;;;
Qoling;Qalin;;;;;;;
Qulp;Qulf;;;;;;;
Qopil;Jimbo?l;;;;;;;
Qoyin;Moyin;;;;;;;
Qoyin;Qayni;;;;;;;
Qoxshop;Baqirib;;;;;;;
Qullop;Qulf;;;;;;;
Qoymoq;Qaymoq;;;;;;;
Qorindosh;Qarindosh-urug?;;;;;;;
Qo?chchi;Qo?chqor;;;;;;;
Qochib;Qochish;;;;;;;
Qaynna;Qaynona;;;;;;;
Qopi;Eshik;;;;;;;
Qont;Konfet;;;;;;;
Qorri;Qari;;;;;;;
Qomish;Qamish;;;;;;;
QNOUNti;Qattiq;;;;;;;
Qarton;Karton;;;;;;;
Qiliq;Odat;;;;;;;
Qildin;Nozik;;;;;;;
Qil;Soch tolasi;;;;;;;
Qodim;Qadim;;;;;;;
Qizyingnar;Qizyig?in;;;;;;;
Qormo;Shavla;;;;;;;
Qonodi;Qon ketti;;;;;;;
Qossop;Qushxona;;;;;;;
Qossop;Qassob;;;;;;;
Qumpishik;Sahro mushugi;;;;;;;
Qujoqlosh;Achomlash;;;;;;;
Qorma bilomiq;Atala;;;;;;;
Qo?noq;Qozg?oq;;;;;;;
Qisir;Tug?maydigan;;;;;;;
QNOUNti qo?rdoq;Jizza;;;;;;;
Qordo?q;Dimlama;;;;;;;
Qizg?onch;Qizg?anchiq;;;;;;;
Qo?rg?a;Qovirg?a;;;;;;;
Qayish;Remen;;;;;;;
Qiyindiq;Mato qoldiqlari;;;;;;;
Ququrus;Makka yormasi;;;;;;;
Qiyo;Qiya;;;;;;;
Qurjoq;Qo?g?irchoq;;;;;;;
Qolom;Qalam;;;;;;;
Qoshiloq;Hamyon;;;;;;;
Qoyir;Qayirmoq;;;;;;;
Qoro;Qora;;;;;;;
Qoro;Qaramoq;;;;;;;
Qur;Ip;;;;;;;
Qoytordi;Qusdi;;;;;;;
Qopoq;Qovog?;;;;;;;
QNOUNor;Qator;;;;;;;
Quri;Quruq;;;;;;;
QNOUNiq;Qatiq;;;;;;;
Qopil;Og?zingni yum;;;;;;;
Quruto?y;Kelishgan;;;;;;;
QNOUNlomo;Qatlama;;;;;;;
Qomish;Qamish;;;;;;;
Qistog?li;Shoshilinch;;;;;;;
Qistondi;Shoshildi;;;;;;;
Qisliqdi;Siqildi;;;;;;;
Qishiq;Qiyshiq;;;;;;;
Qomoq;Qamoqxona;;;;;;;
Qoppoq;Qopqoq;;;;;;;
Qormoq;Qarmoq;;;;;;;
Qurvoqqo;Qurbaqa;;;;;;;
Qosom;Qasam;;;;;;;
QNOUNnosh;Qatnash;;;;;;;
QNOUNnosh;Borib kelish;;;;;;;
Qolpoq;Qoraqolpoqlik;;;;;;;
Qoyiq;Qayiq;;;;;;;
Qoyt;Qayt;;;;;;;
Qozish;Qazish;;;;;;;
Qoytim;Chaqa;;;;;;;
Qimirlomo;Qimirlama;;;;;;;
Qoltitash;Titrash;;;;;;;
Qonni;Qorni;;;;;;;
Qost;Qasam;;;;;;;
Qomputer;Kompyuter;;;;;;;
Qorg?osh;So?kish;;;;;;;
Qo?ysanga;Qo?ysangchi;;;;;;;
Qilchiq;Qiltanoq;;;;;;;
Qorom;Qaram;;;;;;;
Qiziqchi;Hazilkash;;;;;;;
Qonqayb;Gerdayib;;;;;;;
Qostina;Ataylab;;;;;;;
Quyruq;Dum;;;;;;;
Qoni;Qani;;;;;;;
Qomosh;Qamash;;;;;;;
Qombo?t;Sharbat;;;;;;;
Qoltis;Xavfli;;;;;;;
QomNOUN;Qamat;;;;;;;
Qorojiq;Qorachiq;;;;;;;
Qadr;Qadir;;;;;;;
Qistag?li;Shoshilinch;;;;;;;
Qumirsqa;Hasharot;;;;;;;
Sunnikmoq;Qoqilmoq;;;;;;;
Supsa;Supurgi;;;;;;;
Susoq;Cho‘mich;;;;;;;
So‘vit;Tol;;;;;;;
So‘mpaymoq;Shalpaymoq;;;;;;;
So?mka;Sumka;;;;;;;
So?viq;Sovuq;;;;;;;
Sossi;Sassiq;;;;;;;
Sig?r;Sigir;;;;;;;
Sori;Sariq;;;;;;;
So?lla;Gapir;;;;;;;
Samiz;Semiz;;;;;;;
Sansirama;Sensirama;;;;;;;
Suqulishma;Aralashma;;;;;;;
So?da;Kukun;;;;;;;
So?vin;Sovun;;;;;;;
Sono;Sana;;;;;;;
Simbirdab;Pichirdab;;;;;;;
Soyipmisan;Sayibjamol bo?lib;;;;;;;
Somon;Pichan;;;;;;;
Sitofo?r;Svetafor;;;;;;;
So?tak;Nomard;;;;;;;
Sinnay;Surnay;;;;;;;
Sirmo;Supurma;;;;;;;
So?taqo?zi;Landavur;;;;;;;
Soqoq;Baqbaqa;;;;;;;
So?lli;Suvli;;;;;;;
Siniqchi;Tabib;;;;;;;
Sodoqo;Sadaqa;;;;;;;
So?vildi;Tugadi;;;;;;;
Sigaret;Tamaki;;;;;;;
Semichka;Pista;;;;;;;
Suvorish;Sug?orish;;;;;;;
Solmo;Ariq;;;;;;;
So?ska;So?rg?ich;;;;;;;
Sungak;Suyak;;;;;;;
Saksan;Sakson;;;;;;;
Sozoq;Saksovul;;;;;;;
Smala;Ismoloq;;;;;;;
Soqqiz;Saqich;;;;;;;
Sarafan;Salafon;;;;;;;
Simtiq;Ongi yo?q;;;;;;;
Siypolo;Sila;;;;;;;
Suvog?;Suvoq;;;;;;;
Soqqol;Saqol;;;;;;;
Toyoq;Tayoq;;;;;;;
To?proq;Tuproq;;;;;;;
Tillo;Tilla;;;;;;;
Timsoq;Tumsoh;;;;;;;
Tunka;To?nka;;;;;;;
Tolpo;Guruh;;;;;;;
Tilizo?r;Televizor;;;;;;;
Toqir;Taqir;;;;;;;
Tojik;Tilanchi;;;;;;;
Timoloq;Dumaloq;;;;;;;
Tuyaq;Tuyoq;;;;;;;
Tonka;Obdasta;;;;;;;
Topichka;Shippak;;;;;;;
Tappi;Tezzak;;;;;;;
Tulp;Turup;;;;;;;
Tin;Tanga;;;;;;;
Tirriq;Oriq;;;;;;;
Timmittin;Tuzuk;;;;;;;
To?viq;Tovuq;;;;;;;
Topchon;So?ri;;;;;;;
Takana;Doka.;;;;;;;
Talak;Omborxona;;;;;;;
Tamma;Tirgovich;;;;;;;
Tanglay;Tanglay;;;;;;;
Tap;Childirma;;;;;;;
Tappi;Mol tezagi;;;;;;;
Tasirdi;To‘polon;;;;;;;
Tasma;Qayish;;;;;;;
Tastan;Sal qoldi.;;;;;;;
Toyloq;Yalang‘och;;;;;;;
Turma;Hibsxona;;;;;;;
Tus;Mengzash;;;;;;;
Tuta;Ip g‘altagi;;;;;;;
Tuxumak;Urug‘iga ishora;;;;;;;
Tushda;Suvni bog‘lash;;;;;;;
To‘rsaymoq;Badqavoqlik;;;;;;;
To‘qitqa;Suv quvuri;;;;;;;
Tuksubo;Mansab;;;;;;;
Ulli;Katta;;;;;;;
Uhichi;Ko?p uhlaydigan;;;;;;;
UyNOUNsiz;Uyalmas;;;;;;;
Uxi;Uyqu;;;;;;;
Ulliopo;Kelinoyi;;;;;;;
Uchiq;Urchuq;;;;;;;
Ushoq;Oriq;;;;;;;
Ushoq;Pulni maydasi;;;;;;;
Uborka;Tozalash;;;;;;;
Uzmakurdik;Kurdik;;;;;;;
Uzm;Uzum;;;;;;;
Ursiz;Epsiz;;;;;;;
Uyt;Achit;;;;;;;
Uchak;Tom;;;;;;;
Usto;Usta;;;;;;;
Unojin;Vunojin;;;;;;;
Unoshi;Ugra oshi;;;;;;;
Uji;Uchi;;;;;;;
Uniqqan;Ezilgan;;;;;;;
Udar;Zarba;;;;;;;
Uyolmos;Uyalmaydigan;;;;;;;
Uxlatib getish;Aldab ketish;;;;;;;
Utik;Dazmol;;;;;;;
Uchak;Tomboshi.;;;;;;;
Vula;Ular;;;;;;;
Verda;U yerda;;;;;;;
Vonda;O?sha yoqda;;;;;;;
Vijjildama;Ko?p gapirma;;;;;;;
Vunin dama;Unaqa dema;;;;;;;
Valli;Velosipet;;;;;;;
Vip;To?la;;;;;;;
Vozifo;Vazifa;;;;;;;
Voht;Vaqt;;;;;;;
Vog?irdi;Shovqin;;;;;;;
Vena;Tomir;;;;;;;
Vapshem;Umuman;;;;;;;
Vadalastka;Jempir;;;;;;;
Vilajniy;Nam salfetka;;;;;;;
Vilka;Sanchqi;;;;;;;
Vi yonda;Uning yonida;;;;;;;
Varata;Darvoza;;;;;;;
Varatalist;Darvozabon;;;;;;;
Vaj;Narsa;;;;;;;
Xomir;Xamir;;;;;;;
Xono;Xat;;;;;;;
Xosto;Xasta;;;;;;;
Xoridi;Charchadi;;;;;;;
Xonoveyron;Baxtsiz;;;;;;;
Xolto;Qop;;;;;;;
Xitir-xitir;Tinmaydigan;;;;;;;
Xolo;Xola;;;;;;;
Pishikning bolasi;Xumpar;;;;;;;
Xirrik;Ko?p;;;;;;;
Xom;Pishmagan;;;;;;;
Xo?shshi;Chiroyli;;;;;;;
Xino;Xina;;;;;;;
Xro;Rangsiz;;;;;;;
Xormo;Charchama;;;;;;;
Xorop;Xarob;;;;;;;
Yirtiq;Teshik;;;;;;;
Yuxo;Ochofat;;;;;;;
Yetimak;Boquvchisi yo?q;;;;;;;
Yolpoq;Qiyshiq;;;;;;;
Yumoloq;Dumaloq;;;;;;;
Yechdi;Chiqardi;;;;;;;
Yech;Hech;;;;;;;
Yoqor-Yoqmos;Yoqmaydigan;;;;;;;
Yetirdi;Yetkazdi;;;;;;;
Yirtmo;Yirtma;;;;;;;
Yitti;Juda;;;;;;;
Yangsilama;Takrorlama;;;;;;;
Yoling;Juda Issiq;;;;;;;
Yomo;Yama;;;;;;;
Yontoq;Tikan;;;;;;;
Yo?rinja;Bedapoya;;;;;;;
 Yoymo;Cho?zg?itma;;;;;;;
Yera tushgan guni;O?lgan kuni;;;;;;;
Yera tushgan;O?lgan;;;;;;;
Yonqi;O?sha;;;;;;;
Yechkim;Hech kim;;;;;;;
Yekko?rinji;Yoqmaydigan;;;;;;;
Yoqin;Yaqin;;;;;;;
Yilma;Tekis;;;;;;;
Yutqi;Ovqat;;;;;;;
Yuzik;Uzuk;;;;;;;
Yulmo;Uzma;;;;;;;
Yetishmidi;Aqildan zaif;;;;;;;
Yejvaj;Hech narsa;;;;;;;
Yetar-yetmas;Kambag?al;;;;;;;
Yoqol;Ket;;;;;;;
Yimirta;Tuhum;;;;;;;
Yog?ir;Yog?;;;;;;;
Yilimji;Issiq;;;;;;;
Yivarma;Yeyaverma;;;;;;;
Yozmo;Yozma;;;;;;;
Yengsa;Angsa;;;;;;;
Yuvindi;Cho?mildi;;;;;;;
Yengshashish;Urushish;;;;;;;
Yuvosh;Beozor;;;;;;;
Yordi;Qovun tushurdi;;;;;;;
Yoqo;Yaqa;;;;;;;
Yo?noq;Yo?ng?ich;;;;;;;
Yoloq;Itning idishi;;;;;;;
Yog?ish;Yomg?ir;;;;;;;
Yormi;Yarimi;;;;;;;
Yilomo;Yig?lama;;;;;;;
Xodo;Taxta;;;;;;;
Xirrik;Ko?p;;;;;;;
Xiynoqor;Qizlar bazmi;;;;;;;
Xiyno;Xina;;;;;;;
Xono;Xona;;;;;;;
Xonoveron;Xonavayron;;;;;;;
Xom;Pishmagan;;;;;;;
Xorop;Harob;;;;;;;
Xolqo;Sirg?a;;;;;;;
Xolpo;Xalfa;;;;;;;
Chiyon;Chuvalchang;;;;;;;
Choynik;Choynak;;;;;;;
Chisti;Toza;;;;;;;
Cho?rak;Kulcha non;;;;;;;
Chisno?k;Sarimsoq;;;;;;;
Choyma;Tomi ketkan;;;;;;;
Chakida;Yuzma;;;;;;;
Cho?llamoq;Suvsamoq;;;;;;;
Chivin;Pashsha;;;;;;;
Chenadi;Chaynadi;;;;;;;
Chondiq;Chandiq;;;;;;;
Chiya;Olcha;;;;;;;
Chiqon;Dugona;;;;;;;
Chopti;Ajratdi;;;;;;;
Chakka;Yanoq;;;;;;;
Choshka;Stakan;;;;;;;
Chonoq;Lagan;;;;;;;
Churik;Chirik;;;;;;;
Chimmi;Pista;;;;;;;
Chimchi;Salat;;;;;;;
Chimxo?r;Tabi nozik;;;;;;;
Cho?lka;Peshonagajak;;;;;;;
Cho?ntiq;G?adir budir;;;;;;;
Chirri;Go?zal;;;;;;;
Chong;Chang;;;;;;;
Chapjundik;Qo?pol;;;;;;;
Choyqa;Tikuv mashinasi;;;;;;;
Choy;Aralashtir;;;;;;;
Chimitla;Chimchila;;;;;;;
Chot;O?tin;;;;;;;
Cho?vit;Ezma;;;;;;;
Cho?vit;Eski paxta;;;;;;;
Cholojon;Jonsiz;;;;;;;
Chilmoq;Yiqitmoq;;;;;;;
Chartak;Chertak;;;;;;;
Cho?qochiyon;Tili zahar;;;;;;;
Charvoyi;Shallaqi;;;;;;;
Chihombil;Dimlama;;;;;;;
Chakalivarma;Tortqilama;;;;;;;
Sho?rtak;Tuzli,ovqat;;;;;;;
Shiqqi;Shokolad;;;;;;;
Shog?ol;Shoqol;;;;;;;
Shangil;Xushomad;;;;;;;
Shimbili;Hech narsa;;;;;;;
Sholpoq;Yengiltak;;;;;;;
Shoptoli;Shaftoli;;;;;;;
Sholovor;Shim;;;;;;;
Shap;Nima qilib;;;;;;;
Shni oyting;Shuni ayting;;;;;;;
Sho?rvo;Sho?rva;;;;;;;
Shattachi;Eshak;;;;;;;
Shaxna;Qorasuvoq;;;;;;;
Shikirdak;Tomoq;;;;;;;
Shilur;Dag?al oq  surp;;;;;;;
Shish,chish;Ko?tarma;;;;;;;
Shishlik;Shashlik;;;;;;;
Shomiyona;Uy;;;;;;;
Shopirmoq;Sovurmoq;;;;;;;
Sho?zin;Uzin;;;;;;;
Shippak;Tabo?chka;;;;;;;
ShoppNOUN;Shapaloq;;;;;;;
Shira shappik;Shirinlik;;;;;;;
Shustriy;Chaqqon;;;;;;;
Shayit;Shogird;;;;;;;
Sharli;Shaharlik;;;;;;;
Shorillop;Sharillab;;;;;;;
Shipr;Shifr;;;;;;;
ShopildNOUNma;Chapillama;;;;;;;
Eyron;Ayron;;;;;;;
Elgazar;Elak;;;;;;;
Elti;Mullaning xotini;;;;;;;
Em;Davo;;;;;;;
Et;Go?sht;;;;;;;
Yumurta;Tovuq tuxumi;;;;;;;
Yumriq;Musht;;;;;;;
Yuho;Ochko?z;;;;;;;
Yalang;Yalang?och;;;;;;;
O?ypanmoq;Hayallamoq;;;;;;;
O?kichcha;Buqacha;;;;;;;
O?krinmoq;Dag?dag?a qilmoq;;;;;;;
O?ksirik;Yo?tal;;;;;;;
O?kcha;Tovon;;;;;;;
O?ltong;Etikning tagi;;;;;;;
O?mcha;O?tin;;;;;;;
O?r;O?rmoq;;;;;;;
O?lajak;O?lmoq;;;;;;;
O?y;Uy;;;;;;;
O?rtoq;Ustoz;;;;;;;
O?qat;Ovqat;;;;;;;
O?ris;Rus;;;;;;;
O?ymoq;Angishvona;;;;;;;
O?sma;O?simta;;;;;;;
O?ylan;Uylan;;;;;;;
O?pich;Bo?sa;;;;;;;
O?yinchi;Raqqosa;;;;;;;
O?ynash;Jazman;;;;;;;
O?yinjiq;O?yinchoq;;;;;;;
O?rtandi;Qiynaldi;;;;;;;
O?kiz;Hokiz;;;;;;;
O?ng bo?sin;Qulluq;;;;;;;
O?ngay;Qulay;;;;;;;
O?rtanji;O?rtancha;;;;;;;
O?ra;Ustun;;;;;;;
Zo?ntik;Soyabon;;;;;;;
Zako?lka;Qisqich;;;;;;;
Zo?ra;Zuhra;;;;;;;
Zingzing;Injiq;;;;;;;
Ziyo;Uvol;;;;;;;
Zinjir;Zanjir;;;;;;;
Zukl;Zuluk;;;;;;;
Zo?na;Tretoriya;;;;;;;
Zoqqim;Achchiq;;;;;;;
Zar;Zahar;;;;;;;
Zapis;Ovoz;;;;;;;
Zing;Ket;;;;;;;
Zuq;Ovoz;;;;;;;
Zangngi;Narvon;;;;;;;
Zakash;Zahkash;;;;;;;
Zing;ot;;;;;;;
Zomoriq;Qo?ziqorin;;;;;;;
Zinaq;Belgi;;;;;;;
Zaqo?nniy;Zo?r;;;;;;;
Zarda;Zardob;;;;;;;
Zada;Ezib yubormoq;;;;;;;
Zaqska;Gazak;;;;;;;
Zvanoq;Qo?ng?iroq;;;;;;;
Zamoq;Kulf;;;;;;;
Qiytar;G?ilay;;;;;;;
Qizma;Qizig?on;;;;;;;
Qotma;Kekkaygan;;;;;;;
Bir;Bir;;;;;;;
Iki ;Ikki ;;;;;;;
Do`rt;To`rt;;;;;;;
Qirq;Qirq;;;;;;;
on;o`n;;;;;;;
yeddi;yetti;;;;;;;
Qirq yeddi;Qirq yetti;;;;;;;
Saksan bir;Sakson bir;;;;;;;
Do`qsan;To`qson;;;;;;;
Do`qsan olti;To`qson olti;;;;;;;
Laklayan;Lak;;;;;;;
Duman;Tuman;;;;;;;
Sakiz;Sakkiz;;;;;;;
Put;Pud;;;;;;;
punt;Funt;;;;;;;
gaz;gaz;;;;;;;
so`tik;tanob;;;;;;;
yag`in;quloch;;;;;;;
o`vuch;qadoq;;;;;;;
sher;sher;;;;;;;
kuro`x;kuro`x;;;;;;;
taxta;yig`och;;;;;;;
qari;qari;;;;;;;
sal uzoq;chaqirim;;;;;;;
az;misqol;;;;;;;
katta;botmon;;;;;;;
sat;para;;;;;;;
gruppa;gala;;;;;;;
qisim;siqim;;;;;;;
alli;ellik;;;;;;;
qirq uch;qirq uch;;;;;;;
otmish;oltmish;;;;;;;
otmish iki;oltmish ikki;;;;;;;
otmish besh;oltmish besh;;;;;;;
yetmish bir;yetmish bir;;;;;;;
do`qsan do`qqiz;to`qson to`qqiz;;;;;;;
yuz;yuz;;;;;;;
bir yuz on;bir yuz o`n;;;;;;;
do‘rt yuz yetmish iki;to‘rt yuz yetmish ikki;;;;;;;
on do‘qqiz;o‘n to‘qqiz;;;;;;;
 sakiz yuz otmish uch; sakkiz yuz oltmish uch;;;;;;;
besh yuz yeddi;besh yuz yetti;;;;;;;
ikki yuz qirq bir;ikki yuz qirq bir;;;;;;;
olti yuz do‘qsan;olti yuz to‘qson;;;;;;;
o‘tiz sakiz;o‘ttiz sakkiz;;;;;;;
do‘qqiz yuz on besh;to‘qqiz yuz o‘n besh;;;;;;;
bir yuz yirma olti;bir yuz yigirma olti;;;;;;;
yeddi yuz yetmish do‘rt;yetti yuz yetmish to‘rt;;;;;;;
 alli sakiz; ellik sakkiz;;;;;;;
 uch yuz o‘ttiz iki; uch yuz o‘ttiz ikki;;;;;;;
do‘qqiz yuz do‘rt;to‘qqiz yuz to‘rt;;;;;;;
ikki yuz o‘n yeddi;ikki yuz o‘n yetti;;;;;;;
olti yuz saksan do‘qqiz;olti yuz sakson to‘qqiz;;;;;;;
 do‘rt yuz alli; to‘rt yuz ellik;;;;;;;
sakiz yuz yirma uch;sakkiz yuz yigirma uch;;;;;;;
yetmish bir;yetmish bir;;;;;;;
do‘qqiz yuz do‘qsan uch;to‘qqiz yuz to‘qson uch;;;;;;;
bir yuz otmish do‘rt;bir yuz oltmish to‘rt;;;;;;;
besh yuz saksan iki;besh yuz sakson ikki;;;;;;;
uch yuz besh;uch yuz besh;;;;;;;
yeddi yuz qirq yeddi;yetti yuz qirq yetti;;;;;;;
do‘qqiz yuz yigirma sakkiz;to‘qqiz yuz yigirma sakkiz;;;;;;;
saksan olti;sakson olti;;;;;;;
 olti yuz o‘tiz do‘qqiz; olti yuz o‘ttiz to‘qqiz;;;;;;;
do‘rt yuz do‘qson iki;to‘rt yuz to‘qson ikki;;;;;;;
uch yuz yetmish uch;uch yuz yetmish uch;;;;;;;
 do‘qqiz yuz on bir; to‘qqiz yuz o‘n bir;;;;;;;
bir yuz alli yeddi;bir yuz ellik yetti;;;;;;;
olti yuz do‘rt;olti yuz to‘rt;;;;;;;
iki yuz saksan sakiz;ikki yuz sakson sakkiz;;;;;;;
yeddi yuz oltmish;yetti yuz oltmish;;;;;;;
do‘rt yuz qirq iki;to‘rt yuz qirq ikki;;;;;;;
alli olti;ellik olti;;;;;;;
do‘qqiz yuz saksan do‘rt;to‘qqiz yuz sakson to‘rt;;;;;;;
uch yuz yirma to‘qqiz;uch yuz yigirma to‘qqiz;;;;;;;
yeddi yuz uch;yetti yuz uch;;;;;;;
bir yuz on sakiz;bir yuz o‘n sakkiz;;;;;;;
besh yuz qirq yeddi;besh yuz qirq yetti;;;;;;;
sakiz yuz yetmish do‘qqiz;sakkiz yuz yetmish to‘qqiz;;;;;;;
ikki yuz yirma bir;ikki yuz yigirma bir;;;;;;;
olti yuz on besh;olti yuz o‘n besh;;;;;;;
do‘qqiz yuz qirq;to‘qqiz yuz qirq;;;;;;;
qirq do‘rt;qirq to‘rt;;;;;;;
besh yuz sakiz;besh yuz sakkiz;;;;;;;
uch yuz otmish yeddi;uch yuz oltmish yetti;;;;;;;
do‘qqiz yuz do‘qson;to‘qqiz yuz to‘qson;;;;;;;
bir yuz o‘ttiz do‘rt;bir yuz o‘ttiz to‘rt;;;;;;;
olti yuz to‘qson ikki;olti yuz to‘qson ikki;;;;;;;
do‘rt yuz yirma olti;to‘rt yuz yigirma olti;;;;;;;
sakiz yuz yetmish bir;sakkiz yuz yetmish bir;;;;;;;
 iki yuz besh; ikki yuz besh;;;;;;;
 olti yuz o‘tiz bir; olti yuz o‘ttiz bir;;;;;;;
uch yuz o‘n olti;uch yuz o‘n olti;;;;;;;
yeddi yuz otmish sakiz;yetti yuz oltmish sakkiz;;;;;;;
alli do‘qqiz;ellik to‘qqiz;;;;;;;
do‘qqiz yuz alli do‘rt;to‘qqiz yuz ellik to‘rt;;;;;;;
do‘rt yuz sakson uch;to‘rt yuz sakson uch;;;;;;;
uch yuz do‘qson;uch yuz to‘qson;;;;;;;
sakiz yuz yirma yeddi;sakkiz yuz yigirma yetti;;;;;;;
bir yuz iki;bir yuz ikki;;;;;;;
besh yuz otmish sakiz;besh yuz oltmish sakkiz;;;;;;;
yeddi yuz qirq bir;yetti yuz qirq bir;;;;;;;
uch yuz o‘tiz uch;uch yuz o‘ttiz uch;;;;;;;
do‘qqiz yuz yirma;to‘qqiz yuz yigirma;;;;;;;
yetmish olti;yetmish olti;;;;;;;
olti yuz alli do‘rt;olti yuz ellik to‘rt;;;;;;;
besh yuz bir;besh yuz bir;;;;;;;
uch yuz saksan do‘qqiz;uch yuz sakson to‘qqiz;;;;;;;
sakiyuz yetmish uch;sakkiz yuz yetmish uch;;;;;;;
bir yuz qirq iki;bir yuz qirq ikki;;;;;;;
 yeddi yuz on olti; yetti yuz o‘n olti;;;;;;;
iki yuz yetmish do‘rt;ikki yuz yetmish to‘rt;;;;;;;
do‘qqiz yuz otmish besh;to‘qqiz yuz oltmish besh;;;;;;;
o‘tiz yeddi;o‘ttiz yetti;;;;;;;
besh yuz alli iki;besh yuz ellik ikki;;;;;;;
 sakiyuz bir; sakkiz yuz bir;;;;;;;
iki yuz qirq do‘qqiz;ikki yuz qirq to‘qqiz;;;;;;;
man;men;;;;;;;
san;sen;;;;;;;
vu;u;;;;;;;
biz;biz;;;;;;;
siz;siz;;;;;;;
vula;ular;;;;;;;
o‘zim;o‘zim;;;;;;;
o‘zing;o‘zing;;;;;;;
o‘zi;o‘zi;;;;;;;
o‘zimiz;o‘zimiz;;;;;;;
o‘ziz;o‘zingiz;;;;;;;
o‘zari;o‘zlari;;;;;;;
shu;shu;;;;;;;
ana;ana;;;;;;;
mana;mana;;;;;;;
shi;usha;;;;;;;
bu;bu;;;;;;;
v;u;;;;;;;
shla;shular;;;;;;;
blo;bular;;;;;;;
vulo;ular;;;;;;;
shuncha;shuncha;;;;;;;
munchalli;bunchalik;;;;;;;
uncha;uncha;;;;;;;
nichadir;qanchadir;;;;;;;
nichcha;qancha;;;;;;;
kim;kim;;;;;;;
novi;nima;;;;;;;
qoysi;qaysi;;;;;;;
nichik;qanday;;;;;;;
nichik;qanaqa;;;;;;;
qoni;qani;;;;;;;
biro`;kimdir;;;;;;;
kim bo`lsam;kimki;;;;;;;
hech kim;kimsa;;;;;;;
hech kim;hech kim;;;;;;;
hech novi;hech narsa;;;;;;;
hech qaysi;hech qaysi;;;;;;;
hech nichik;hech qanday;;;;;;;
hech nichcha;hech qancha;;;;;;;
hech kim bo`lsa;hech kimki;;;;;;;
bir;biror;;;;;;;
bir;biron;;;;;;;
birdana;bironta;;;;;;;
nichikdir;biron-bir;;;;;;;
birov;biror kimsa;;;;;;;
bir vaj;biror narsa;;;;;;;
ko`p;bir qancha;;;;;;;
shi;shunisi;;;;;;;
bi;bunisi;;;;;;;
vi;unisi;;;;;;;
sho`rdeyi;shundagi;;;;;;;
vundeyi;undagi;;;;;;;
mndeyi;bundagi;;;;;;;
bashqa;boshqa;;;;;;;
yot;o‘zga;;;;;;;
ba’zi;ba’zi;;;;;;;
ayrim;ayrim;;;;;;;
har kim;har kim;;;;;;;
hamma;har qanday;;;;;;;
hammasi;har narsa;;;;;;;
nichchaklim;har qancha;;;;;;;
hamma;hamma;;;;;;;
hamma;barcha;;;;;;;
hamma;bari;;;;;;;
shu;o‘sha;;;;;;;
shunde;shunday;;;;;;;
mnde;bunday;;;;;;;
vnde;unday;;;;;;;
shuni;shunisi;;;;;;;
blani;bularning;;;;;;;
shlani;shularning;;;;;;;
vunisini;unisining;;;;;;;
berda;bu yerda (ko‘rsatish);;;;;;;
verda;u yerda;;;;;;;
inabi;mana bu;;;;;;;
inavi;ana u;;;;;;;
b adamm;bu odam;;;;;;;
shi adan;o‘sha odam;;;;;;;
kimni;kimning;;;;;;;
novini;nimaning;;;;;;;
qaysini;qaysining;;;;;;;
shincha-mncha;shuncha-muncha;;;;;;;
bir-ikki ;bir-ikki (umumlashma);;;;;;;
har kimni;har kimning;;;;;;;
hamma vajni;har narsaning;;;;;;;
hechnovini;hech nimaning;;;;;;;
boshqala;boshqalar;;;;;;;
o‘zgalarini;o‘zgalarning;;;;;;;
vlani;ularning;;;;;;;
bizani;bizning;;;;;;;
mani;mening;;;;;;;
sani;sening;;;;;;;
shni;shuning;;;;;;;
bini;buning;;;;;;;
vni;unining;;;;;;;
hech bir;hech bir;;;;;;;
hech qaysini;birontasining;;;;;;;
boshqalanikindan;o‘zgalarnikidan;;;;;;;
vuni;uning;;;;;;;
Alisher;Alisher;;;;;;;
Zubayda;Zubayda;;;;;;;
Muhammat;Muhammad;;;;;;;
Ahmat;Ahmad;;;;;;;
Dilshot;Dilshod;;;;;;;
Farhot;Farhod;;;;;;;
Nodira;Nodira;;;;;;;
Gulsanam;Gulsanam;;;;;;;
Komila;Komila;;;;;;;
Asadbek;Asadbek;;;;;;;
Otabek;Otabek;;;;;;;
Shavkat;Shavkat;;;;;;;
Sarvar;Sarvar;;;;;;;
Azizbek;Azizbek;;;;;;;
Ruxshona;Ruxshona;;;;;;;
Lola;Lola;;;;;;;
Kamola;Kamola;;;;;;;
Shaxriyor;Shaxriyor;;;;;;;
Behruz;Behruz;;;;;;;
Islombek;Islombek;;;;;;;
Tashkent;Toshkent;;;;;;;
Samarqand;Samarqand;;;;;;;
Buxoro;Buxoro;;;;;;;
Namangan;Namangan;;;;;;;
Farg‘ona;Farg‘ona;;;;;;;
Andijon;Andijon;;;;;;;
Xiva;Xiva;;;;;;;
No`kis;Nukus;;;;;;;
Termiz;Termiz;;;;;;;
Qarshi;Qarshi;;;;;;;
O‘zbekiston;O‘zbekiston;;;;;;;
Qazaqiston;Qozog‘iston;;;;;;;
Qirg‘iziston;Qirg‘iziston;;;;;;;
Turkmaniston;Turkmaniston;;;;;;;
Tojikiston;Tojikiston;;;;;;;
Turkiya;Turkiya;;;;;;;
Rossiya;Rossiya;;;;;;;
Xitoy;Xitoy;;;;;;;
AQSH;AQSH;;;;;;;
Yaponiya;Yaponiya;;;;;;;
Amudaryo;Amudaryo;;;;;;;
Sirdaryo;Sirdaryo;;;;;;;
Zarafshon;Zarafshon;;;;;;;
Nil;Nil;;;;;;;
Amazon;Amazonka;;;;;;;
Volga;Volga;;;;;;;
Dunay;Dunay;;;;;;;
Temza;Temza;;;;;;;
Gang;Gang;;;;;;;
Yantsi;Yantszi;;;;;;;
Orol;Orol;;;;;;;
Balxash;Balxash;;;;;;;
Baikal;Baikal;;;;;;;
Viqtoriya;Victoria;;;;;;;
Michigan;Michigan;;;;;;;
Titikaka;Titikaka;;;;;;;
Issiko‘l;Issiqko‘l;;;;;;;
Kasbiy;Kaspiy;;;;;;;
Qara dengiz;Qora dengiz;;;;;;;
Oq dengiz;Oq dengiz;;;;;;;
Pomir;Pomir;;;;;;;
Himolay;Himolay;;;;;;;
Tyan-Shan;Tyan-Shan;;;;;;;
Everest;Everest;;;;;;;
Ararat;Ararat;;;;;;;
Kilimanjaro;Kilimanjaro;;;;;;;
Elbrus;Elbrus;;;;;;;
Alpomish (epos qahramoni);Alpomish (epos qahramoni);;;;;;;
Rustam;Rustam;;;;;;;
Siyovush;Siyovush;;;;;;;
Alisher Navoiy;Alisher Navoiy;;;;;;;
Bobur;Bobur;;;;;;;
Mirzo Ulug‘bek;Mirzo Ulug‘bek;;;;;;;
Beruniy;Beruniy;;;;;;;
Ibn Sino;Ibn Sino;;;;;;;
Amir Temur;Amir Temur;;;;;;;
Zahiriddin Muhammad Bobur;Zahiriddin Muhammad Bobur;;;;;;;
Leanardo` davenchi;Leonardo da Vinci;;;;;;;
Albert Enshteyin;Albert Einstein;;;;;;;
Nyuton;Newton;;;;;;;
O‘zbekiston Milliy Universiteti;O‘zbekiston Milliy Universiteti;;;;;;;
Jahon Banki;Jahon Banki;;;;;;;
BMT;BMT;;;;;;;
YUNESKO;YUNESKO;;;;;;;
Gugl;Google;;;;;;;
Miqrosoft;Microsoft;;;;;;;
Tesla;Tesla;;;;;;;
Speysiqs;SpaceX;;;;;;;
epl;Apple;;;;;;;
Amazon;Amazon;;;;;;;
Arsenal;Arsenal;;;;;;;
Real Madrid;Real Madrid;;;;;;;
Barselona;Barcelona;;;;;;;
Bayrn;Bayern;;;;;;;
yuvent;Juventus;;;;;;;
Inter;Inter;;;;;;;
Milan;Milan;;;;;;;
Livrpul;Liverpool;;;;;;;
Chels;Chelsea;;;;;;;
PSG;PSG;;;;;;;
Efir minorasi;Eiffel minorasi;;;;;;;
Big Ben;Big Ben;;;;;;;
Burj Xalifa;Burj Xalifa;;;;;;;
Oqsaroy;Oqsaroy;;;;;;;
Registon;Registon;;;;;;;
Minorayi Kalon;Minorai Kalon;;;;;;;
Ulug‘bek rasadxonasi;Ulug‘bek rasadxonasi;;;;;;;
Bibixonim machiti;Bibixonim masjidi;;;;;;;
Oq uy;Oq uy;;;;;;;
Vatikan;Vatikan;;;;;;;
Makka;Mekka;;;;;;;
Madina;Medina;;;;;;;
Quddus;Quddus;;;;;;;
London;London;;;;;;;
Parij;Parij;;;;;;;
Berlin;Berlin;;;;;;;
Seul;Seul;;;;;;;
Riyod;Riyod;;;;;;;
tez;tez;;;;;;;
birdan;birdan;;;;;;;
oston;asta;;;;;;;
ostan;sekin;;;;;;;
yena;yana;;;;;;;
holi;hali;;;;;;;
hozi;hozir;;;;;;;
aqsham;kecha;;;;;;;
buyun;bugun;;;;;;;
ertang;ertaga;;;;;;;
ozroq;biroz;;;;;;;
opshi;butunlay;;;;;;;
hamma vaqt;hamisha;;;;;;;
orasira;ba'zan;;;;;;;
shundek;shundoq;;;;;;;
darrov;darrov;;;;;;;
chaqqan;tez-tez;;;;;;;
eng;eng;;;;;;;
ina;nihoyat;;;;;;;
juda;juda;;;;;;;
sal;sal;;;;;;;
ozroq;bir oz;;;;;;;
haqiqatdan;chindan;;;;;;;
balkim;balki;;;;;;;
ava;albatta;;;;;;;
nachundir;negadir;;;;;;;
bekor;bekor;;;;;;;
prosta;shunchaki;;;;;;;
dmey;bamisoli;;;;;;;
ayniqso;ayniqsa;;;;;;;
ko‘pincha;ko‘pincha;;;;;;;
hamma vaqt;doimo;;;;;;;
tezraq;tezroq;;;;;;;
yaxshiraq;yaxshiroq;;;;;;;
ilondin;ilonday;;;;;;;
birdan;birdaniga;;;;;;;
bilagir;sezgirroq;;;;;;;
daparoq;balandroq;;;;;;;
yaqinraq;yaqinroq;;;;;;;
uzoqa;uzoqqa;;;;;;;
dapaya;yuqoriga;;;;;;;
pastga;pastga;;;;;;;
ichkariga;ichkariga;;;;;;;
tashqariga;tashqariga;;;;;;;
yoninda;yonma-yon;;;;;;;
birga;birga;;;;;;;
aval;avval;;;;;;;
keyin;keyin;;;;;;;
yo bo`lmasa;yana-da;;;;;;;
baribir;baribir;;;;;;;
vapshe eta;mutlaqo;;;;;;;
rastanam;shubhasiz;;;;;;;
tarsaki;teskari;;;;;;;
cheta;chetga;;;;;;;
o`g`rincha;zimdan;;;;;;;
yaling;yashindek;;;;;;;
dapaya;tepaga;;;;;;;
pasroq;pastlay;;;;;;;
qistanib;shoshib;;;;;;;
bir o`zi;yolg‘iz;;;;;;;
novindan;nimadandir;;;;;;;
yungul;yengilgina;;;;;;;
do`ppa do`g`ri;to‘ppa-to‘g‘ri;;;;;;;
dm;g‘oyat;;;;;;;
tez;favqulodda;;;;;;;
yenam;behad;;;;;;;
mos;mos ravishda;;;;;;;
birdan;birvarakayiga;;;;;;;
shundelay;bevosita;;;;;;;
;;;;;;;;
